Artikel,Opslaglocatie
59593,EZSI
59597,EZSI
59598,EZSI
59602,EZSI
59992,EZSI
23913,EZSI
40319,EZMV
59595,EZSI
60075,EZSI
60227,EZSI
10758,EZDS
10758,EZMV
11176,EZMV
11176,EZDS
22820,EZDS
23889,EZDS
23889,EZMV
32774,EZDS
32774,EZMV
35298,EZDS
35298,EZMV
35322,EZMV
35322,EZDS
36265,EZMV
36265,EZDS
37199,EZDS
39912,EZMV
39912,EZDS
47979,EZDS
48545,EZDS
48545,EZMV
56420,EZMV
56420,EZDS
57207,EZDS
60045,EZDS
60045,EZMV
60046,EZMV
60046,EZDS
60049,EZMV
60049,EZDS
61957,EZDS
62161,EZDS
64305,EZDS
64305,EZMV
65248,EZDS
65248,EZMV
66564,EZDS
66625,EZDS
66626,EZDS
66689,EZDS
67451,EZDS
67451,EZMV
67452,EZDS
67853,EZDS
